{
  "firstLayout": "",
  "gdVersion": {
    "build": 99,
    "major": 4,
    "minor": 0,
    "revision": 0
  },
  "properties": {
    "adaptGameResolutionAtRuntime": true,
    "antialiasingMode": "MSAA",
    "antialisingEnabledOnMobile": false,
    "folderProject": true,
    "orientation": "landscape",
    "packageName": "com.example.gamename",
    "pixelsRounding": false,
    "projectUuid": "264c985d-37c6-41bf-a3d4-e25cb7a39329",
    "scaleMode": "linear",
    "sizeOnStartupMode": "adaptWidth",
    "templateSlug": "",
    "useExternalSourceFiles": false,
    "version": "1.0.0",
    "name": "Level-2",
    "description": "",
    "author": "",
    "windowWidth": 1280,
    "windowHeight": 720,
    "latestCompilationDirectory": "",
    "maxFPS": 60,
    "minFPS": 20,
    "verticalSync": false,
    "platformSpecificAssets": {},
    "loadingScreen": {
      "backgroundColor": 0,
      "backgroundFadeInDuration": 0.2,
      "backgroundImageResourceName": "",
      "gdevelopLogoStyle": "light",
      "logoAndProgressFadeInDuration": 0.2,
      "logoAndProgressLogoFadeInDelay": 0.2,
      "minDuration": 1.5,
      "progressBarColor": 16777215,
      "progressBarHeight": 20,
      "progressBarMaxWidth": 200,
      "progressBarMinWidth": 40,
      "progressBarWidthPercent": 30,
      "showGDevelopSplash": true,
      "showProgressBar": true
    },
    "watermark": {
      "placement": "bottom-left",
      "showWatermark": true
    },
    "authorIds": [],
    "authorUsernames": [],
    "categories": [],
    "playableDevices": [],
    "extensionProperties": [],
    "platforms": [
      {
        "name": "GDevelop JS platform"
      }
    ],
    "currentPlatform": "GDevelop JS platform"
  },
  "resources": {
    "resources": [
      {
        "alwaysLoaded": false,
        "file": "assets/Robot_Dead_1.png",
        "kind": "image",
        "metadata": "",
        "name": "Robot_Dead_1.png",
        "smoothed": true,
        "userAdded": false,
        "origin": {
          "identifier": "https://asset-resources.gdevelop.io/public-resources/pzUH Pack/Characters/Robot/647e1c74045a0b00b1ae74ae067817cb1ac49c310e35c988a7b93fb1f3f3a896_Robot_Dead_1.png",
          "name": "Robot_Dead_1.png"
        }
      },
      {
        "alwaysLoaded": false,
        "file": "assets/Robot_Dead_10.png",
        "kind": "image",
        "metadata": "",
        "name": "Robot_Dead_10.png",
        "smoothed": true,
        "userAdded": false,
        "origin": {
          "identifier": "https://asset-resources.gdevelop.io/public-resources/pzUH Pack/Characters/Robot/a09f16c444aa06f72a7c58e0fa73ebad51f1b6030814ede1bb430f87c1bd814c_Robot_Dead_10.png",
          "name": "Robot_Dead_10.png"
        }
      },
      {
        "alwaysLoaded": false,
        "file": "assets/Robot_Dead_2.png",
        "kind": "image",
        "metadata": "",
        "name": "Robot_Dead_2.png",
        "smoothed": true,
        "userAdded": false,
        "origin": {
          "identifier": "https://asset-resources.gdevelop.io/public-resources/pzUH Pack/Characters/Robot/ab823c32713b400522cbb86dd023e17390303c8f903deabcb750b90b850a8302_Robot_Dead_2.png",
          "name": "Robot_Dead_2.png"
        }
      },
      {
        "alwaysLoaded": false,
        "file": "assets/Robot_Dead_3.png",
        "kind": "image",
        "metadata": "",
        "name": "Robot_Dead_3.png",
        "smoothed": true,
        "userAdded": false,
        "origin": {
          "identifier": "https://asset-resources.gdevelop.io/public-resources/pzUH Pack/Characters/Robot/746042f20f692e365715ab91424c526675f4ee917f33afc50dd3e2ba8576d489_Robot_Dead_3.png",
          "name": "Robot_Dead_3.png"
        }
      },
      {
        "alwaysLoaded": false,
        "file": "assets/Robot_Dead_4.png",
        "kind": "image",
        "metadata": "",
        "name": "Robot_Dead_4.png",
        "smoothed": true,
        "userAdded": false,
        "origin": {
          "identifier": "https://asset-resources.gdevelop.io/public-resources/pzUH Pack/Characters/Robot/6c5898875cebefdb927a4e4d527a9a2f6fd7e2a13bb7a93230c4c52fd9154307_Robot_Dead_4.png",
          "name": "Robot_Dead_4.png"
        }
      },
      {
        "alwaysLoaded": false,
        "file": "assets/Robot_Dead_5.png",
        "kind": "image",
        "metadata": "",
        "name": "Robot_Dead_5.png",
        "smoothed": true,
        "userAdded": false,
        "origin": {
          "identifier": "https://asset-resources.gdevelop.io/public-resources/pzUH Pack/Characters/Robot/df0644f62b1a5d021a46c53e18d08d4d69c95c9fd073a73ed4af03cdf7a25696_Robot_Dead_5.png",
          "name": "Robot_Dead_5.png"
        }
      },
      {
        "alwaysLoaded": false,
        "file": "assets/Robot_Dead_6.png",
        "kind": "image",
        "metadata": "",
        "name": "Robot_Dead_6.png",
        "smoothed": true,
        "userAdded": false,
        "origin": {
          "identifier": "https://asset-resources.gdevelop.io/public-resources/pzUH Pack/Characters/Robot/34047504aa4e3a8dedfb44dac66663303cb80e2309bd7dd05ea598bc74e7afc3_Robot_Dead_6.png",
          "name": "Robot_Dead_6.png"
        }
      },
      {
        "alwaysLoaded": false,
        "file": "assets/Robot_Dead_7.png",
        "kind": "image",
        "metadata": "",
        "name": "Robot_Dead_7.png",
        "smoothed": true,
        "userAdded": false,
        "origin": {
          "identifier": "https://asset-resources.gdevelop.io/public-resources/pzUH Pack/Characters/Robot/6c03a393f70dc7e7a260fcb8396afadf104129037f635083bbce85d43dc0e91e_Robot_Dead_7.png",
          "name": "Robot_Dead_7.png"
        }
      },
      {
        "alwaysLoaded": false,
        "file": "assets/Robot_Dead_8.png",
        "kind": "image",
        "metadata": "",
        "name": "Robot_Dead_8.png",
        "smoothed": true,
        "userAdded": false,
        "origin": {
          "identifier": "https://asset-resources.gdevelop.io/public-resources/pzUH Pack/Characters/Robot/e37ea05aeaf43785079c8b39e1b98610a59a4eeba8ebf8ee2e70cba972cbe356_Robot_Dead_8.png",
          "name": "Robot_Dead_8.png"
        }
      },
      {
        "alwaysLoaded": false,
        "file": "assets/Robot_Dead_9.png",
        "kind": "image",
        "metadata": "",
        "name": "Robot_Dead_9.png",
        "smoothed": true,
        "userAdded": false,
        "origin": {
          "identifier": "https://asset-resources.gdevelop.io/public-resources/pzUH Pack/Characters/Robot/a09f16c444aa06f72a7c58e0fa73ebad51f1b6030814ede1bb430f87c1bd814c_Robot_Dead_9.png",
          "name": "Robot_Dead_9.png"
        }
      },
      {
        "alwaysLoaded": false,
        "file": "assets/Robot_Idle_1.png",
        "kind": "image",
        "metadata": "",
        "name": "Robot_Idle_1.png",
        "smoothed": true,
        "userAdded": false,
        "origin": {
          "identifier": "https://asset-resources.gdevelop.io/public-resources/pzUH Pack/Characters/Robot/21c1373338ab3ddeaecc3af196b4e9e0304c977585e40ad3d1ea4c219c94d495_Robot_Idle_1.png",
          "name": "Robot_Idle_1.png"
        }
      },
      {
        "alwaysLoaded": false,
        "file": "assets/Robot_Idle_10.png",
        "kind": "image",
        "metadata": "",
        "name": "Robot_Idle_10.png",
        "smoothed": true,
        "userAdded": false,
        "origin": {
          "identifier": "https://asset-resources.gdevelop.io/public-resources/pzUH Pack/Characters/Robot/e80052bcdbfffd1d3ed6216ec3e451c590155bfd4c7fb0c0acc196e72be56f8c_Robot_Idle_10.png",
          "name": "Robot_Idle_10.png"
        }
      },
      {
        "alwaysLoaded": false,
        "file": "assets/Robot_Idle_2.png",
        "kind": "image",
        "metadata": "",
        "name": "Robot_Idle_2.png",
        "smoothed": true,
        "userAdded": false,
        "origin": {
          "identifier": "https://asset-resources.gdevelop.io/public-resources/pzUH Pack/Characters/Robot/177add60f730474161c24279735aa07e56e9cee581e970261f5de592be42ff6f_Robot_Idle_2.png",
          "name": "Robot_Idle_2.png"
        }
      },
      {
        "alwaysLoaded": false,
        "file": "assets/Robot_Idle_3.png",
        "kind": "image",
        "metadata": "",
        "name": "Robot_Idle_3.png",
        "smoothed": true,
        "userAdded": false,
        "origin": {
          "identifier": "https://asset-resources.gdevelop.io/public-resources/pzUH Pack/Characters/Robot/5f78261541a0e09754ba251e822b5c71fb44e04cc0986836ac5c8e54c9078279_Robot_Idle_3.png",
          "name": "Robot_Idle_3.png"
        }
      },
      {
        "alwaysLoaded": false,
        "file": "assets/Robot_Idle_4.png",
        "kind": "image",
        "metadata": "",
        "name": "Robot_Idle_4.png",
        "smoothed": true,
        "userAdded": false,
        "origin": {
          "identifier": "https://asset-resources.gdevelop.io/public-resources/pzUH Pack/Characters/Robot/072ab436b53a8203611099dc51f70111da4c207224bc24127e65756183a3402a_Robot_Idle_4.png",
          "name": "Robot_Idle_4.png"
        }
      },
      {
        "alwaysLoaded": false,
        "file": "assets/Robot_Idle_5.png",
        "kind": "image",
        "metadata": "",
        "name": "Robot_Idle_5.png",
        "smoothed": true,
        "userAdded": false,
        "origin": {
          "identifier": "https://asset-resources.gdevelop.io/public-resources/pzUH Pack/Characters/Robot/b3f0e7dfaa8f3b79e386e79dd60b01add977f5248cbba4478497a71932ecd095_Robot_Idle_5.png",
          "name": "Robot_Idle_5.png"
        }
      },
      {
        "alwaysLoaded": false,
        "file": "assets/Robot_Idle_6.png",
        "kind": "image",
        "metadata": "",
        "name": "Robot_Idle_6.png",
        "smoothed": true,
        "userAdded": false,
        "origin": {
          "identifier": "https://asset-resources.gdevelop.io/public-resources/pzUH Pack/Characters/Robot/572da0474d5d37305df784c12ea7eef39c447d9b99d2572183d54a1cacad6a4e_Robot_Idle_6.png",
          "name": "Robot_Idle_6.png"
        }
      },
      {
        "alwaysLoaded": false,
        "file": "assets/Robot_Idle_7.png",
        "kind": "image",
        "metadata": "",
        "name": "Robot_Idle_7.png",
        "smoothed": true,
        "userAdded": false,
        "origin": {
          "identifier": "https://asset-resources.gdevelop.io/public-resources/pzUH Pack/Characters/Robot/c7f85217413d62750da20a789b43a9c428f0a81c2e631bca6c56d90aa610cb14_Robot_Idle_7.png",
          "name": "Robot_Idle_7.png"
        }
      },
      {
        "alwaysLoaded": false,
        "file": "assets/Robot_Idle_8.png",
        "kind": "image",
        "metadata": "",
        "name": "Robot_Idle_8.png",
        "smoothed": true,
        "userAdded": false,
        "origin": {
          "identifier": "https://asset-resources.gdevelop.io/public-resources/pzUH Pack/Characters/Robot/8f6e701bc46523b29c4b5ead058941bcf1b4395ef0a0f2d2f474a60c57308627_Robot_Idle_8.png",
          "name": "Robot_Idle_8.png"
        }
      },
      {
        "alwaysLoaded": false,
        "file": "assets/Robot_Idle_9.png",
        "kind": "image",
        "metadata": "",
        "name": "Robot_Idle_9.png",
        "smoothed": true,
        "userAdded": false,
        "origin": {
          "identifier": "https://asset-resources.gdevelop.io/public-resources/pzUH Pack/Characters/Robot/bfe00e22c17b64cd09ce49632353eb908c5f8e93aeb7f05a59e156684914095c_Robot_Idle_9.png",
          "name": "Robot_Idle_9.png"
        }
      },
      {
        "alwaysLoaded": false,
        "file": "assets/Robot_Jump Melee_1.png",
        "kind": "image",
        "metadata": "",
        "name": "Robot_Jump Melee_1.png",
        "smoothed": true,
        "userAdded": false,
        "origin": {
          "identifier": "https://asset-resources.gdevelop.io/public-resources/pzUH Pack/Characters/Robot/38f1edd2956bb705be007dc308e6d5b68b5bad0127d09e11745579283b3c914d_Robot_Jump Melee_1.png",
          "name": "Robot_Jump Melee_1.png"
        }
      },
      {
        "alwaysLoaded": false,
        "file": "assets/Robot_Jump Melee_2.png",
        "kind": "image",
        "metadata": "",
        "name": "Robot_Jump Melee_2.png",
        "smoothed": true,
        "userAdded": false,
        "origin": {
          "identifier": "https://asset-resources.gdevelop.io/public-resources/pzUH Pack/Characters/Robot/8356c09edea1c62759d7da87bc416d8a18ca6999ba1984744ca9d289a9e81720_Robot_Jump Melee_2.png",
          "name": "Robot_Jump Melee_2.png"
        }
      },
      {
        "alwaysLoaded": false,
        "file": "assets/Robot_Jump Melee_3.png",
        "kind": "image",
        "metadata": "",
        "name": "Robot_Jump Melee_3.png",
        "smoothed": true,
        "userAdded": false,
        "origin": {
          "identifier": "https://asset-resources.gdevelop.io/public-resources/pzUH Pack/Characters/Robot/05ed094281a070c39eda226d338d5b79e7b3c43d0c29cf545f334b2e3f565e18_Robot_Jump Melee_3.png",
          "name": "Robot_Jump Melee_3.png"
        }
      },
      {
        "alwaysLoaded": false,
        "file": "assets/Robot_Jump Melee_4.png",
        "kind": "image",
        "metadata": "",
        "name": "Robot_Jump Melee_4.png",
        "smoothed": true,
        "userAdded": false,
        "origin": {
          "identifier": "https://asset-resources.gdevelop.io/public-resources/pzUH Pack/Characters/Robot/ca0f276e817dab4e71c0325d576eb6904c7151fcdc29ad7dbd72c3e395df4616_Robot_Jump Melee_4.png",
          "name": "Robot_Jump Melee_4.png"
        }
      },
      {
        "alwaysLoaded": false,
        "file": "assets/Robot_Jump Melee_5.png",
        "kind": "image",
        "metadata": "",
        "name": "Robot_Jump Melee_5.png",
        "smoothed": true,
        "userAdded": false,
        "origin": {
          "identifier": "https://asset-resources.gdevelop.io/public-resources/pzUH Pack/Characters/Robot/7c5c7d517e845ef25796c410478e0091d915fe365480930382b5ff28a06fd3f7_Robot_Jump Melee_5.png",
          "name": "Robot_Jump Melee_5.png"
        }
      },
      {
        "alwaysLoaded": false,
        "file": "assets/Robot_Jump Melee_6.png",
        "kind": "image",
        "metadata": "",
        "name": "Robot_Jump Melee_6.png",
        "smoothed": true,
        "userAdded": false,
        "origin": {
          "identifier": "https://asset-resources.gdevelop.io/public-resources/pzUH Pack/Characters/Robot/a56419f3cb3b06cf632353cd71cb0e104bcfd9a3632e5706d31e2a016a7dde72_Robot_Jump Melee_6.png",
          "name": "Robot_Jump Melee_6.png"
        }
      },
      {
        "alwaysLoaded": false,
        "file": "assets/Robot_Jump Melee_7.png",
        "kind": "image",
        "metadata": "",
        "name": "Robot_Jump Melee_7.png",
        "smoothed": true,
        "userAdded": false,
        "origin": {
          "identifier": "https://asset-resources.gdevelop.io/public-resources/pzUH Pack/Characters/Robot/a4f9384d4cca0b57764b2b1a5c6d495eefe311df43fd75b62f7e056d16d18698_Robot_Jump Melee_7.png",
          "name": "Robot_Jump Melee_7.png"
        }
      },
      {
        "alwaysLoaded": false,
        "file": "assets/Robot_Jump Melee_8.png",
        "kind": "image",
        "metadata": "",
        "name": "Robot_Jump Melee_8.png",
        "smoothed": true,
        "userAdded": false,
        "origin": {
          "identifier": "https://asset-resources.gdevelop.io/public-resources/pzUH Pack/Characters/Robot/e3828dc6dabd9390b09aa425673d67b2c03eff53c62f4e364ac9ba0bff2aaad3_Robot_Jump Melee_8.png",
          "name": "Robot_Jump Melee_8.png"
        }
      },
      {
        "alwaysLoaded": false,
        "file": "assets/Robot_Jump Shoot_1.png",
        "kind": "image",
        "metadata": "",
        "name": "Robot_Jump Shoot_1.png",
        "smoothed": true,
        "userAdded": false,
        "origin": {
          "identifier": "https://asset-resources.gdevelop.io/public-resources/pzUH Pack/Characters/Robot/6cc70b07216cef9f3919fd09ccac048078643c178bdd15472549e2f391f69736_Robot_Jump Shoot_1.png",
          "name": "Robot_Jump Shoot_1.png"
        }
      },
      {
        "alwaysLoaded": false,
        "file": "assets/Robot_Jump Shoot_2.png",
        "kind": "image",
        "metadata": "",
        "name": "Robot_Jump Shoot_2.png",
        "smoothed": true,
        "userAdded": false,
        "origin": {
          "identifier": "https://asset-resources.gdevelop.io/public-resources/pzUH Pack/Characters/Robot/286f2ee07acc581f612ec584178aedceef9c5bb8ddac74d9f395e173f8ea5bb3_Robot_Jump Shoot_2.png",
          "name": "Robot_Jump Shoot_2.png"
        }
      },
      {
        "alwaysLoaded": false,
        "file": "assets/Robot_Jump Shoot_3.png",
        "kind": "image",
        "metadata": "",
        "name": "Robot_Jump Shoot_3.png",
        "smoothed": true,
        "userAdded": false,
        "origin": {
          "identifier": "https://asset-resources.gdevelop.io/public-resources/pzUH Pack/Characters/Robot/a00860c79046815ad4d290c48959112e8aff136ef42d449c9e26453cdb6695b8_Robot_Jump Shoot_3.png",
          "name": "Robot_Jump Shoot_3.png"
        }
      },
      {
        "alwaysLoaded": false,
        "file": "assets/Robot_Jump Shoot_4.png",
        "kind": "image",
        "metadata": "",
        "name": "Robot_Jump Shoot_4.png",
        "smoothed": true,
        "userAdded": false,
        "origin": {
          "identifier": "https://asset-resources.gdevelop.io/public-resources/pzUH Pack/Characters/Robot/86ca4da14628b0927a12720f238d5483204e020be9b82d0f946ef98919deff6c_Robot_Jump Shoot_4.png",
          "name": "Robot_Jump Shoot_4.png"
        }
      },
      {
        "alwaysLoaded": false,
        "file": "assets/Robot_Jump Shoot_5.png",
        "kind": "image",
        "metadata": "",
        "name": "Robot_Jump Shoot_5.png",
        "smoothed": true,
        "userAdded": false,
        "origin": {
          "identifier": "https://asset-resources.gdevelop.io/public-resources/pzUH Pack/Characters/Robot/074e1fcf94140f95525675ea0e0a9171934f4fcfec2b5c64da13c4f6ecbdf843_Robot_Jump Shoot_5.png",
          "name": "Robot_Jump Shoot_5.png"
        }
      },
      {
        "alwaysLoaded": false,
        "file": "assets/Robot_Jump_1.png",
        "kind": "image",
        "metadata": "",
        "name": "Robot_Jump_1.png",
        "smoothed": true,
        "userAdded": false,
        "origin": {
          "identifier": "https://asset-resources.gdevelop.io/public-resources/pzUH Pack/Characters/Robot/4360d30035c6c1a56741489c6ce1579418fc4c1af9dd2dd91efc186958f35b0e_Robot_Jump_1.png",
          "name": "Robot_Jump_1.png"
        }
      },
      {
        "alwaysLoaded": false,
        "file": "assets/Robot_Jump_10.png",
        "kind": "image",
        "metadata": "",
        "name": "Robot_Jump_10.png",
        "smoothed": true,
        "userAdded": false,
        "origin": {
          "identifier": "https://asset-resources.gdevelop.io/public-resources/pzUH Pack/Characters/Robot/49803566a6d847d7d40f93aab35edde33ffa55ba8113d919e3b638c044ecd161_Robot_Jump_10.png",
          "name": "Robot_Jump_10.png"
        }
      },
      {
        "alwaysLoaded": false,
        "file": "assets/Robot_Jump_2.png",
        "kind": "image",
        "metadata": "",
        "name": "Robot_Jump_2.png",
        "smoothed": true,
        "userAdded": false,
        "origin": {
          "identifier": "https://asset-resources.gdevelop.io/public-resources/pzUH Pack/Characters/Robot/101613b8dde054f1a0e570094ce5b7d7d192dc7419dd94e5ed10f46994d8c5c5_Robot_Jump_2.png",
          "name": "Robot_Jump_2.png"
        }
      },
      {
        "alwaysLoaded": false,
        "file": "assets/Robot_Jump_3.png",
        "kind": "image",
        "metadata": "",
        "name": "Robot_Jump_3.png",
        "smoothed": true,
        "userAdded": false,
        "origin": {
          "identifier": "https://asset-resources.gdevelop.io/public-resources/pzUH Pack/Characters/Robot/91f7af3b8d64617711392d19f25b808579bae21b3dd07c4318da51604632b96b_Robot_Jump_3.png",
          "name": "Robot_Jump_3.png"
        }
      },
      {
        "alwaysLoaded": false,
        "file": "assets/Robot_Jump_4.png",
        "kind": "image",
        "metadata": "",
        "name": "Robot_Jump_4.png",
        "smoothed": true,
        "userAdded": false,
        "origin": {
          "identifier": "https://asset-resources.gdevelop.io/public-resources/pzUH Pack/Characters/Robot/516a5aabd15d7a172982496fdbba925ced0a563c7c1a12819c77470d94f795e9_Robot_Jump_4.png",
          "name": "Robot_Jump_4.png"
        }
      },
      {
        "alwaysLoaded": false,
        "file": "assets/Robot_Jump_5.png",
        "kind": "image",
        "metadata": "",
        "name": "Robot_Jump_5.png",
        "smoothed": true,
        "userAdded": false,
        "origin": {
          "identifier": "https://asset-resources.gdevelop.io/public-resources/pzUH Pack/Characters/Robot/73312b7820d026006f5b5568ab589a24db2685648eb297ff41c58c39ee73ef21_Robot_Jump_5.png",
          "name": "Robot_Jump_5.png"
        }
      },
      {
        "alwaysLoaded": false,
        "file": "assets/Robot_Jump_6.png",
        "kind": "image",
        "metadata": "",
        "name": "Robot_Jump_6.png",
        "smoothed": true,
        "userAdded": false,
        "origin": {
          "identifier": "https://asset-resources.gdevelop.io/public-resources/pzUH Pack/Characters/Robot/c71028ddd54aa1cad889129179921c12037cf2d58d0c7576d9c3bab14967f8ea_Robot_Jump_6.png",
          "name": "Robot_Jump_6.png"
        }
      },
      {
        "alwaysLoaded": false,
        "file": "assets/Robot_Jump_7.png",
        "kind": "image",
        "metadata": "",
        "name": "Robot_Jump_7.png",
        "smoothed": true,
        "userAdded": false,
        "origin": {
          "identifier": "https://asset-resources.gdevelop.io/public-resources/pzUH Pack/Characters/Robot/5159ae1356eee7cce8af49a317676019d464e6d93cfde061198548b1854b83ec_Robot_Jump_7.png",
          "name": "Robot_Jump_7.png"
        }
      },
      {
        "alwaysLoaded": false,
        "file": "assets/Robot_Jump_8.png",
        "kind": "image",
        "metadata": "",
        "name": "Robot_Jump_8.png",
        "smoothed": true,
        "userAdded": false,
        "origin": {
          "identifier": "https://asset-resources.gdevelop.io/public-resources/pzUH Pack/Characters/Robot/14b4c07c9b56c8038f466db13a504964ce0ca5e27b1795c307d81b218dce3210_Robot_Jump_8.png",
          "name": "Robot_Jump_8.png"
        }
      },
      {
        "alwaysLoaded": false,
        "file": "assets/Robot_Jump_9.png",
        "kind": "image",
        "metadata": "",
        "name": "Robot_Jump_9.png",
        "smoothed": true,
        "userAdded": false,
        "origin": {
          "identifier": "https://asset-resources.gdevelop.io/public-resources/pzUH Pack/Characters/Robot/b8e78c1965c1dfe02c154436027b67a53d7c82a2289eac07729fb5cf1d2cdd53_Robot_Jump_9.png",
          "name": "Robot_Jump_9.png"
        }
      },
      {
        "alwaysLoaded": false,
        "file": "assets/Robot_Melee_1.png",
        "kind": "image",
        "metadata": "",
        "name": "Robot_Melee_1.png",
        "smoothed": true,
        "userAdded": false,
        "origin": {
          "identifier": "https://asset-resources.gdevelop.io/public-resources/pzUH Pack/Characters/Robot/558a0d0b7c094f0d8f139b74ab4fe20c635502a3ee4d2ba534312f96c8b8d5d8_Robot_Melee_1.png",
          "name": "Robot_Melee_1.png"
        }
      },
      {
        "alwaysLoaded": false,
        "file": "assets/Robot_Melee_2.png",
        "kind": "image",
        "metadata": "",
        "name": "Robot_Melee_2.png",
        "smoothed": true,
        "userAdded": false,
        "origin": {
          "identifier": "https://asset-resources.gdevelop.io/public-resources/pzUH Pack/Characters/Robot/6be4aa76d38f4e6eb7134b823166941570615e3975a35f573e6d34f91c513ab6_Robot_Melee_2.png",
          "name": "Robot_Melee_2.png"
        }
      },
      {
        "alwaysLoaded": false,
        "file": "assets/Robot_Melee_3.png",
        "kind": "image",
        "metadata": "",
        "name": "Robot_Melee_3.png",
        "smoothed": true,
        "userAdded": false,
        "origin": {
          "identifier": "https://asset-resources.gdevelop.io/public-resources/pzUH Pack/Characters/Robot/69c8d5580a408679d810454ab34984b470cb5ef888837c211d621dd9f67eacf9_Robot_Melee_3.png",
          "name": "Robot_Melee_3.png"
        }
      },
      {
        "alwaysLoaded": false,
        "file": "assets/Robot_Melee_4.png",
        "kind": "image",
        "metadata": "",
        "name": "Robot_Melee_4.png",
        "smoothed": true,
        "userAdded": false,
        "origin": {
          "identifier": "https://asset-resources.gdevelop.io/public-resources/pzUH Pack/Characters/Robot/64073d704d8ceaf6d0b7bfb4a0bcba2ac6a36a5d3508c4a45497760afd976470_Robot_Melee_4.png",
          "name": "Robot_Melee_4.png"
        }
      },
      {
        "alwaysLoaded": false,
        "file": "assets/Robot_Melee_5.png",
        "kind": "image",
        "metadata": "",
        "name": "Robot_Melee_5.png",
        "smoothed": true,
        "userAdded": false,
        "origin": {
          "identifier": "https://asset-resources.gdevelop.io/public-resources/pzUH Pack/Characters/Robot/363d20313e52a91306234e54120b8e5d9035d9a0d9d2db814362fda907d43735_Robot_Melee_5.png",
          "name": "Robot_Melee_5.png"
        }
      },
      {
        "alwaysLoaded": false,
        "file": "assets/Robot_Melee_6.png",
        "kind": "image",
        "metadata": "",
        "name": "Robot_Melee_6.png",
        "smoothed": true,
        "userAdded": false,
        "origin": {
          "identifier": "https://asset-resources.gdevelop.io/public-resources/pzUH Pack/Characters/Robot/28f6a50f4e2cc135bae60a9b8a3004d47c2e1db2a9c5f5389304d860d93f71d7_Robot_Melee_6.png",
          "name": "Robot_Melee_6.png"
        }
      },
      {
        "alwaysLoaded": false,
        "file": "assets/Robot_Melee_7.png",
        "kind": "image",
        "metadata": "",
        "name": "Robot_Melee_7.png",
        "smoothed": true,
        "userAdded": false,
        "origin": {
          "identifier": "https://asset-resources.gdevelop.io/public-resources/pzUH Pack/Characters/Robot/e127e3a5de4e6101e6b54f93840ece4aec52876bd8015b8168813073155b95b1_Robot_Melee_7.png",
          "name": "Robot_Melee_7.png"
        }
      },
      {
        "alwaysLoaded": false,
        "file": "assets/Robot_Melee_8.png",
        "kind": "image",
        "metadata": "",
        "name": "Robot_Melee_8.png",
        "smoothed": true,
        "userAdded": false,
        "origin": {
          "identifier": "https://asset-resources.gdevelop.io/public-resources/pzUH Pack/Characters/Robot/25922238cc4c7707b82b23ad267244b92daca2595535b44ce7a7cfbeb591fbd0_Robot_Melee_8.png",
          "name": "Robot_Melee_8.png"
        }
      },
      {
        "alwaysLoaded": false,
        "file": "assets/Robot_Run Shoot_1.png",
        "kind": "image",
        "metadata": "",
        "name": "Robot_Run Shoot_1.png",
        "smoothed": true,
        "userAdded": false,
        "origin": {
          "identifier": "https://asset-resources.gdevelop.io/public-resources/pzUH Pack/Characters/Robot/a43db59857e228ade23e1ec4912c2d99ab34f1088c7a76d4bed7b1b39aa68750_Robot_Run Shoot_1.png",
          "name": "Robot_Run Shoot_1.png"
        }
      },
      {
        "alwaysLoaded": false,
        "file": "assets/Robot_Run Shoot_2.png",
        "kind": "image",
        "metadata": "",
        "name": "Robot_Run Shoot_2.png",
        "smoothed": true,
        "userAdded": false,
        "origin": {
          "identifier": "https://asset-resources.gdevelop.io/public-resources/pzUH Pack/Characters/Robot/f7316a7cef2543eb1c8a1afc2713d62226fc0294a787920e0db0ddf297c3cbf3_Robot_Run Shoot_2.png",
          "name": "Robot_Run Shoot_2.png"
        }
      },
      {
        "alwaysLoaded": false,
        "file": "assets/Robot_Run Shoot_3.png",
        "kind": "image",
        "metadata": "",
        "name": "Robot_Run Shoot_3.png",
        "smoothed": true,
        "userAdded": false,
        "origin": {
          "identifier": "https://asset-resources.gdevelop.io/public-resources/pzUH Pack/Characters/Robot/420ede63b0b2a08cf15dc66d034ba90ad87adf2653e5762ff54cc9bd912b6820_Robot_Run Shoot_3.png",
          "name": "Robot_Run Shoot_3.png"
        }
      },
      {
        "alwaysLoaded": false,
        "file": "assets/Robot_Run Shoot_4.png",
        "kind": "image",
        "metadata": "",
        "name": "Robot_Run Shoot_4.png",
        "smoothed": true,
        "userAdded": false,
        "origin": {
          "identifier": "https://asset-resources.gdevelop.io/public-resources/pzUH Pack/Characters/Robot/477988d08a8646aed9e3eb555fd5ab833780c7f9707e8e7713bfbccdc33c13ec_Robot_Run Shoot_4.png",
          "name": "Robot_Run Shoot_4.png"
        }
      },
      {
        "alwaysLoaded": false,
        "file": "assets/Robot_Run Shoot_5.png",
        "kind": "image",
        "metadata": "",
        "name": "Robot_Run Shoot_5.png",
        "smoothed": true,
        "userAdded": false,
        "origin": {
          "identifier": "https://asset-resources.gdevelop.io/public-resources/pzUH Pack/Characters/Robot/1cdac969a68df3a673e75fca54688e0dc1eb9ef551feb622f637183fb2b6a99b_Robot_Run Shoot_5.png",
          "name": "Robot_Run Shoot_5.png"
        }
      },
      {
        "alwaysLoaded": false,
        "file": "assets/Robot_Run Shoot_6.png",
        "kind": "image",
        "metadata": "",
        "name": "Robot_Run Shoot_6.png",
        "smoothed": true,
        "userAdded": false,
        "origin": {
          "identifier": "https://asset-resources.gdevelop.io/public-resources/pzUH Pack/Characters/Robot/c26df9586b195673b588df5b4ab1422c5d413e79300b19f1ce0a348ec83ae92b_Robot_Run Shoot_6.png",
          "name": "Robot_Run Shoot_6.png"
        }
      },
      {
        "alwaysLoaded": false,
        "file": "assets/Robot_Run Shoot_7.png",
        "kind": "image",
        "metadata": "",
        "name": "Robot_Run Shoot_7.png",
        "smoothed": true,
        "userAdded": false,
        "origin": {
          "identifier": "https://asset-resources.gdevelop.io/public-resources/pzUH Pack/Characters/Robot/f335607787da973aae9e0a46d6d687f3bf494529ab464f7e5879d0c3328dd99a_Robot_Run Shoot_7.png",
          "name": "Robot_Run Shoot_7.png"
        }
      },
      {
        "alwaysLoaded": false,
        "file": "assets/Robot_Run Shoot_8.png",
        "kind": "image",
        "metadata": "",
        "name": "Robot_Run Shoot_8.png",
        "smoothed": true,
        "userAdded": false,
        "origin": {
          "identifier": "https://asset-resources.gdevelop.io/public-resources/pzUH Pack/Characters/Robot/944bbfc886bce9d183013d6debb0eb40af7af4c662c7ae893b09ffa958b596d6_Robot_Run Shoot_8.png",
          "name": "Robot_Run Shoot_8.png"
        }
      },
      {
        "alwaysLoaded": false,
        "file": "assets/Robot_Run Shoot_9.png",
        "kind": "image",
        "metadata": "",
        "name": "Robot_Run Shoot_9.png",
        "smoothed": true,
        "userAdded": false,
        "origin": {
          "identifier": "https://asset-resources.gdevelop.io/public-resources/pzUH Pack/Characters/Robot/d231f1c129eb2d63508e4f609b2641b373dd9dac452f745c915eb6ef1137361d_Robot_Run Shoot_9.png",
          "name": "Robot_Run Shoot_9.png"
        }
      },
      {
        "alwaysLoaded": false,
        "file": "assets/Robot_Run_1.png",
        "kind": "image",
        "metadata": "",
        "name": "Robot_Run_1.png",
        "smoothed": true,
        "userAdded": false,
        "origin": {
          "identifier": "https://asset-resources.gdevelop.io/public-resources/pzUH Pack/Characters/Robot/d125f07a9dc2488742e35328d9c42f672c5eb3aa6e8b289974baa4b2e413c2ce_Robot_Run_1.png",
          "name": "Robot_Run_1.png"
        }
      },
      {
        "alwaysLoaded": false,
        "file": "assets/Robot_Run_2.png",
        "kind": "image",
        "metadata": "",
        "name": "Robot_Run_2.png",
        "smoothed": true,
        "userAdded": false,
        "origin": {
          "identifier": "https://asset-resources.gdevelop.io/public-resources/pzUH Pack/Characters/Robot/085f35ebe6089b847180e2f37c492d5a7a4854f0c1d56be06d2b5c5d011782f6_Robot_Run_2.png",
          "name": "Robot_Run_2.png"
        }
      },
      {
        "alwaysLoaded": false,
        "file": "assets/Robot_Run_3.png",
        "kind": "image",
        "metadata": "",
        "name": "Robot_Run_3.png",
        "smoothed": true,
        "userAdded": false,
        "origin": {
          "identifier": "https://asset-resources.gdevelop.io/public-resources/pzUH Pack/Characters/Robot/c184c1f5f0b168ae712bdc17777f859862a13f3271c7c4f34acf5fe619b72f12_Robot_Run_3.png",
          "name": "Robot_Run_3.png"
        }
      },
      {
        "alwaysLoaded": false,
        "file": "assets/Robot_Run_4.png",
        "kind": "image",
        "metadata": "",
        "name": "Robot_Run_4.png",
        "smoothed": true,
        "userAdded": false,
        "origin": {
          "identifier": "https://asset-resources.gdevelop.io/public-resources/pzUH Pack/Characters/Robot/f95cfa4187299f8de65895910a485d893ffa336e99359646261a04b720d22233_Robot_Run_4.png",
          "name": "Robot_Run_4.png"
        }
      },
      {
        "alwaysLoaded": false,
        "file": "assets/Robot_Run_5.png",
        "kind": "image",
        "metadata": "",
        "name": "Robot_Run_5.png",
        "smoothed": true,
        "userAdded": false,
        "origin": {
          "identifier": "https://asset-resources.gdevelop.io/public-resources/pzUH Pack/Characters/Robot/192d908f0e501408dd2107bed0fec0ea462feaa5ec564580d2f184741feecca8_Robot_Run_5.png",
          "name": "Robot_Run_5.png"
        }
      },
      {
        "alwaysLoaded": false,
        "file": "assets/Robot_Run_6.png",
        "kind": "image",
        "metadata": "",
        "name": "Robot_Run_6.png",
        "smoothed": true,
        "userAdded": false,
        "origin": {
          "identifier": "https://asset-resources.gdevelop.io/public-resources/pzUH Pack/Characters/Robot/fdea0bea87b5e2e097f6137128bd4154d7f0e85f85a69f6d9f3ce4e2ca4982ad_Robot_Run_6.png",
          "name": "Robot_Run_6.png"
        }
      },
      {
        "alwaysLoaded": false,
        "file": "assets/Robot_Run_7.png",
        "kind": "image",
        "metadata": "",
        "name": "Robot_Run_7.png",
        "smoothed": true,
        "userAdded": false,
        "origin": {
          "identifier": "https://asset-resources.gdevelop.io/public-resources/pzUH Pack/Characters/Robot/df58d910b703e7524fb6f8b6035539e58f781835919ffc58bdd37bf7480c655f_Robot_Run_7.png",
          "name": "Robot_Run_7.png"
        }
      },
      {
        "alwaysLoaded": false,
        "file": "assets/Robot_Run_8.png",
        "kind": "image",
        "metadata": "",
        "name": "Robot_Run_8.png",
        "smoothed": true,
        "userAdded": false,
        "origin": {
          "identifier": "https://asset-resources.gdevelop.io/public-resources/pzUH Pack/Characters/Robot/ed780e156c6caa5e71a69d976846ed3ccaa17d5ba99dbe1df396cdb6cac3543b_Robot_Run_8.png",
          "name": "Robot_Run_8.png"
        }
      },
      {
        "alwaysLoaded": false,
        "file": "assets/Robot_Shoot_1.png",
        "kind": "image",
        "metadata": "",
        "name": "Robot_Shoot_1.png",
        "smoothed": true,
        "userAdded": false,
        "origin": {
          "identifier": "https://asset-resources.gdevelop.io/public-resources/pzUH Pack/Characters/Robot/046293b2ba2c168eac227175a358e024ae194fa5cd47db9606c4b082c07e6ce2_Robot_Shoot_1.png",
          "name": "Robot_Shoot_1.png"
        }
      },
      {
        "alwaysLoaded": false,
        "file": "assets/Robot_Shoot_2.png",
        "kind": "image",
        "metadata": "",
        "name": "Robot_Shoot_2.png",
        "smoothed": true,
        "userAdded": false,
        "origin": {
          "identifier": "https://asset-resources.gdevelop.io/public-resources/pzUH Pack/Characters/Robot/a06c2a086ed7df5ad657e3b9c785caaf2143fa289e8f16cf3e999f5905ea2dd6_Robot_Shoot_2.png",
          "name": "Robot_Shoot_2.png"
        }
      },
      {
        "alwaysLoaded": false,
        "file": "assets/Robot_Shoot_3.png",
        "kind": "image",
        "metadata": "",
        "name": "Robot_Shoot_3.png",
        "smoothed": true,
        "userAdded": false,
        "origin": {
          "identifier": "https://asset-resources.gdevelop.io/public-resources/pzUH Pack/Characters/Robot/78b481530dbc8d8ebd495731cb46d39bcac85c05fde6edb1b6f7b5946e8b063f_Robot_Shoot_3.png",
          "name": "Robot_Shoot_3.png"
        }
      },
      {
        "alwaysLoaded": false,
        "file": "assets/Robot_Shoot_4.png",
        "kind": "image",
        "metadata": "",
        "name": "Robot_Shoot_4.png",
        "smoothed": true,
        "userAdded": false,
        "origin": {
          "identifier": "https://asset-resources.gdevelop.io/public-resources/pzUH Pack/Characters/Robot/3c18e5f182855f7fd72a5486ac6e1a5fa4865135a46f4f776aaf9dab75f8c6e4_Robot_Shoot_4.png",
          "name": "Robot_Shoot_4.png"
        }
      },
      {
        "alwaysLoaded": false,
        "file": "assets/Robot_Slide_1.png",
        "kind": "image",
        "metadata": "",
        "name": "Robot_Slide_1.png",
        "smoothed": true,
        "userAdded": false,
        "origin": {
          "identifier": "https://asset-resources.gdevelop.io/public-resources/pzUH Pack/Characters/Robot/c00cca4f76598525a7bfc7352522140a780c8156cd2f647099d3be9a7bcb7621_Robot_Slide_1.png",
          "name": "Robot_Slide_1.png"
        }
      },
      {
        "alwaysLoaded": false,
        "file": "assets/Robot_Slide_10.png",
        "kind": "image",
        "metadata": "",
        "name": "Robot_Slide_10.png",
        "smoothed": true,
        "userAdded": false,
        "origin": {
          "identifier": "https://asset-resources.gdevelop.io/public-resources/pzUH Pack/Characters/Robot/321a9f6a8bd4cb5c04d7a023291ae1d4e4af47767981bf3caf6f088c6ff2d689_Robot_Slide_10.png",
          "name": "Robot_Slide_10.png"
        }
      },
      {
        "alwaysLoaded": false,
        "file": "assets/Robot_Slide_2.png",
        "kind": "image",
        "metadata": "",
        "name": "Robot_Slide_2.png",
        "smoothed": true,
        "userAdded": false,
        "origin": {
          "identifier": "https://asset-resources.gdevelop.io/public-resources/pzUH Pack/Characters/Robot/cc78d3d2683dc64d600e636c621a650b4a91bd40a5229b1ced783af63ee4530b_Robot_Slide_2.png",
          "name": "Robot_Slide_2.png"
        }
      },
      {
        "alwaysLoaded": false,
        "file": "assets/Robot_Slide_3.png",
        "kind": "image",
        "metadata": "",
        "name": "Robot_Slide_3.png",
        "smoothed": true,
        "userAdded": false,
        "origin": {
          "identifier": "https://asset-resources.gdevelop.io/public-resources/pzUH Pack/Characters/Robot/a0938d58c61e20c33048021097bb4f3654bf12d398947b9af18e4dac6180d8fc_Robot_Slide_3.png",
          "name": "Robot_Slide_3.png"
        }
      },
      {
        "alwaysLoaded": false,
        "file": "assets/Robot_Slide_4.png",
        "kind": "image",
        "metadata": "",
        "name": "Robot_Slide_4.png",
        "smoothed": true,
        "userAdded": false,
        "origin": {
          "identifier": "https://asset-resources.gdevelop.io/public-resources/pzUH Pack/Characters/Robot/29c29816170c719d469f09f03259da6b6446537d9f0d7165ba4353f2ed15200c_Robot_Slide_4.png",
          "name": "Robot_Slide_4.png"
        }
      },
      {
        "alwaysLoaded": false,
        "file": "assets/Robot_Slide_5.png",
        "kind": "image",
        "metadata": "",
        "name": "Robot_Slide_5.png",
        "smoothed": true,
        "userAdded": false,
        "origin": {
          "identifier": "https://asset-resources.gdevelop.io/public-resources/pzUH Pack/Characters/Robot/f347f66a41ce9b2015896edfa81aafe7ef34b7959dff616580efc3cec2b85974_Robot_Slide_5.png",
          "name": "Robot_Slide_5.png"
        }
      },
      {
        "alwaysLoaded": false,
        "file": "assets/Robot_Slide_6.png",
        "kind": "image",
        "metadata": "",
        "name": "Robot_Slide_6.png",
        "smoothed": true,
        "userAdded": false,
        "origin": {
          "identifier": "https://asset-resources.gdevelop.io/public-resources/pzUH Pack/Characters/Robot/48004b590448e518730e1ac8b7741030ff6862a93c306c06303b23c4d815f7df_Robot_Slide_6.png",
          "name": "Robot_Slide_6.png"
        }
      },
      {
        "alwaysLoaded": false,
        "file": "assets/Robot_Slide_7.png",
        "kind": "image",
        "metadata": "",
        "name": "Robot_Slide_7.png",
        "smoothed": true,
        "userAdded": false,
        "origin": {
          "identifier": "https://asset-resources.gdevelop.io/public-resources/pzUH Pack/Characters/Robot/94b52109a903d019541469854c37a358766b7bca40259c627f96d3b067820d74_Robot_Slide_7.png",
          "name": "Robot_Slide_7.png"
        }
      },
      {
        "alwaysLoaded": false,
        "file": "assets/Robot_Slide_8.png",
        "kind": "image",
        "metadata": "",
        "name": "Robot_Slide_8.png",
        "smoothed": true,
        "userAdded": false,
        "origin": {
          "identifier": "https://asset-resources.gdevelop.io/public-resources/pzUH Pack/Characters/Robot/4c4384293aa80f3589aa3799af6b346010a1061366e774fb3f0e5593839fd88b_Robot_Slide_8.png",
          "name": "Robot_Slide_8.png"
        }
      },
      {
        "alwaysLoaded": false,
        "file": "assets/Robot_Slide_9.png",
        "kind": "image",
        "metadata": "",
        "name": "Robot_Slide_9.png",
        "smoothed": true,
        "userAdded": false,
        "origin": {
          "identifier": "https://asset-resources.gdevelop.io/public-resources/pzUH Pack/Characters/Robot/a3789c6a4e1dc2f8f0b4e7dac6dd1daecd6432f458272d3090a571a207cd5644_Robot_Slide_9.png",
          "name": "Robot_Slide_9.png"
        }
      },
      {
        "alwaysLoaded": false,
        "file": "assets/Knight_Attack_1.png",
        "kind": "image",
        "metadata": "",
        "name": "Knight_Attack_1.png",
        "smoothed": true,
        "userAdded": false,
        "origin": {
          "identifier": "https://asset-resources.gdevelop.io/public-resources/pzUH Pack/Characters/Knight/4c5a2d6a577fec599ba0a0d7f72120890c05dea821124bebb210a436cb2c1fb0_Knight_Attack_1.png",
          "name": "Knight_Attack_1.png"
        }
      },
      {
        "alwaysLoaded": false,
        "file": "assets/Knight_Attack_10.png",
        "kind": "image",
        "metadata": "",
        "name": "Knight_Attack_10.png",
        "smoothed": true,
        "userAdded": false,
        "origin": {
          "identifier": "https://asset-resources.gdevelop.io/public-resources/pzUH Pack/Characters/Knight/3e044dea94e4676a8aaa89ad6c70d214b7f8690a5be9ce2bae26115180d6b17a_Knight_Attack_10.png",
          "name": "Knight_Attack_10.png"
        }
      },
      {
        "alwaysLoaded": false,
        "file": "assets/Knight_Attack_2.png",
        "kind": "image",
        "metadata": "",
        "name": "Knight_Attack_2.png",
        "smoothed": true,
        "userAdded": false,
        "origin": {
          "identifier": "https://asset-resources.gdevelop.io/public-resources/pzUH Pack/Characters/Knight/40a7291f0df3ad11f0ba0f272f9b7a79b0930bb7d1ef43989a2ed62a99e1d438_Knight_Attack_2.png",
          "name": "Knight_Attack_2.png"
        }
      },
      {
        "alwaysLoaded": false,
        "file": "assets/Knight_Attack_3.png",
        "kind": "image",
        "metadata": "",
        "name": "Knight_Attack_3.png",
        "smoothed": true,
        "userAdded": false,
        "origin": {
          "identifier": "https://asset-resources.gdevelop.io/public-resources/pzUH Pack/Characters/Knight/98ae1e594194a7a1c141693bddd073d71ec4b84a9ef56e77ca8145620cf357a7_Knight_Attack_3.png",
          "name": "Knight_Attack_3.png"
        }
      },
      {
        "alwaysLoaded": false,
        "file": "assets/Knight_Attack_4.png",
        "kind": "image",
        "metadata": "",
        "name": "Knight_Attack_4.png",
        "smoothed": true,
        "userAdded": false,
        "origin": {
          "identifier": "https://asset-resources.gdevelop.io/public-resources/pzUH Pack/Characters/Knight/dcb5d384f1a94f1cc28db8e805cfeff1424a635ea71afd8c462957b9221504c4_Knight_Attack_4.png",
          "name": "Knight_Attack_4.png"
        }
      },
      {
        "alwaysLoaded": false,
        "file": "assets/Knight_Attack_5.png",
        "kind": "image",
        "metadata": "",
        "name": "Knight_Attack_5.png",
        "smoothed": true,
        "userAdded": false,
        "origin": {
          "identifier": "https://asset-resources.gdevelop.io/public-resources/pzUH Pack/Characters/Knight/fdf988b57fbc7ed1e855e8895c3af258fb81d2a5acbcfa0f20ae2e62e488f653_Knight_Attack_5.png",
          "name": "Knight_Attack_5.png"
        }
      },
      {
        "alwaysLoaded": false,
        "file": "assets/Knight_Attack_6.png",
        "kind": "image",
        "metadata": "",
        "name": "Knight_Attack_6.png",
        "smoothed": true,
        "userAdded": false,
        "origin": {
          "identifier": "https://asset-resources.gdevelop.io/public-resources/pzUH Pack/Characters/Knight/841f45e05d806fee2b8bec7065f1dd2c201e408a169154b292ea5e82bea1cc75_Knight_Attack_6.png",
          "name": "Knight_Attack_6.png"
        }
      },
      {
        "alwaysLoaded": false,
        "file": "assets/Knight_Attack_7.png",
        "kind": "image",
        "metadata": "",
        "name": "Knight_Attack_7.png",
        "smoothed": true,
        "userAdded": false,
        "origin": {
          "identifier": "https://asset-resources.gdevelop.io/public-resources/pzUH Pack/Characters/Knight/ca34511f90f0693686aea393f49df5694881d2f7f88e449cfb62b627561e0beb_Knight_Attack_7.png",
          "name": "Knight_Attack_7.png"
        }
      },
      {
        "alwaysLoaded": false,
        "file": "assets/Knight_Attack_8.png",
        "kind": "image",
        "metadata": "",
        "name": "Knight_Attack_8.png",
        "smoothed": true,
        "userAdded": false,
        "origin": {
          "identifier": "https://asset-resources.gdevelop.io/public-resources/pzUH Pack/Characters/Knight/b34c0785cbd6699b8c8568748b70ba83497b8052b2e9d1d735630f078e0734e5_Knight_Attack_8.png",
          "name": "Knight_Attack_8.png"
        }
      },
      {
        "alwaysLoaded": false,
        "file": "assets/Knight_Attack_9.png",
        "kind": "image",
        "metadata": "",
        "name": "Knight_Attack_9.png",
        "smoothed": true,
        "userAdded": false,
        "origin": {
          "identifier": "https://asset-resources.gdevelop.io/public-resources/pzUH Pack/Characters/Knight/65fb9bf3837308f0c8c9e73ecf1855fa1a5777021df9be132f7d7032cf4d622e_Knight_Attack_9.png",
          "name": "Knight_Attack_9.png"
        }
      },
      {
        "alwaysLoaded": false,
        "file": "assets/Knight_Dead_1.png",
        "kind": "image",
        "metadata": "",
        "name": "Knight_Dead_1.png",
        "smoothed": true,
        "userAdded": false,
        "origin": {
          "identifier": "https://asset-resources.gdevelop.io/public-resources/pzUH Pack/Characters/Knight/c7425dd5c586cf741293306c68816905c26f18dbaf0f69dd3b543f9c1f700273_Knight_Dead_1.png",
          "name": "Knight_Dead_1.png"
        }
      },
      {
        "alwaysLoaded": false,
        "file": "assets/Knight_Dead_10.png",
        "kind": "image",
        "metadata": "",
        "name": "Knight_Dead_10.png",
        "smoothed": true,
        "userAdded": false,
        "origin": {
          "identifier": "https://asset-resources.gdevelop.io/public-resources/pzUH Pack/Characters/Knight/0b27d10c341348ab073a25fac8310aa540d693d4cbc9371abb2c182cfba11773_Knight_Dead_10.png",
          "name": "Knight_Dead_10.png"
        }
      },
      {
        "alwaysLoaded": false,
        "file": "assets/Knight_Dead_2.png",
        "kind": "image",
        "metadata": "",
        "name": "Knight_Dead_2.png",
        "smoothed": true,
        "userAdded": false,
        "origin": {
          "identifier": "https://asset-resources.gdevelop.io/public-resources/pzUH Pack/Characters/Knight/b306ae7762bdb35a4540d8adcb2194c706e248ca664709fa7d2e63283042cd1e_Knight_Dead_2.png",
          "name": "Knight_Dead_2.png"
        }
      },
      {
        "alwaysLoaded": false,
        "file": "assets/Knight_Dead_3.png",
        "kind": "image",
        "metadata": "",
        "name": "Knight_Dead_3.png",
        "smoothed": true,
        "userAdded": false,
        "origin": {
          "identifier": "https://asset-resources.gdevelop.io/public-resources/pzUH Pack/Characters/Knight/79e9891d4851413a61b8e0d5a994f83c2222e5f12591fc785d1fe496c5bca90e_Knight_Dead_3.png",
          "name": "Knight_Dead_3.png"
        }
      },
      {
        "alwaysLoaded": false,
        "file": "assets/Knight_Dead_4.png",
        "kind": "image",
        "metadata": "",
        "name": "Knight_Dead_4.png",
        "smoothed": true,
        "userAdded": false,
        "origin": {
          "identifier": "https://asset-resources.gdevelop.io/public-resources/pzUH Pack/Characters/Knight/435b22ab035163415a29c022bc438e376deea590e0c3790368f15d5ad2e9eb76_Knight_Dead_4.png",
          "name": "Knight_Dead_4.png"
        }
      },
      {
        "alwaysLoaded": false,
        "file": "assets/Knight_Dead_5.png",
        "kind": "image",
        "metadata": "",
        "name": "Knight_Dead_5.png",
        "smoothed": true,
        "userAdded": false,
        "origin": {
          "identifier": "https://asset-resources.gdevelop.io/public-resources/pzUH Pack/Characters/Knight/df061b65b001d0512249f06b0b7041ae7352e6a72efbdc5b099690c6b76e76b0_Knight_Dead_5.png",
          "name": "Knight_Dead_5.png"
        }
      },
      {
        "alwaysLoaded": false,
        "file": "assets/Knight_Dead_6.png",
        "kind": "image",
        "metadata": "",
        "name": "Knight_Dead_6.png",
        "smoothed": true,
        "userAdded": false,
        "origin": {
          "identifier": "https://asset-resources.gdevelop.io/public-resources/pzUH Pack/Characters/Knight/c23e9bf82890ab97a0c2eb1508580eff19afef38aaa6a24ab5a2146253fb10e6_Knight_Dead_6.png",
          "name": "Knight_Dead_6.png"
        }
      },
      {
        "alwaysLoaded": false,
        "file": "assets/Knight_Dead_7.png",
        "kind": "image",
        "metadata": "",
        "name": "Knight_Dead_7.png",
        "smoothed": true,
        "userAdded": false,
        "origin": {
          "identifier": "https://asset-resources.gdevelop.io/public-resources/pzUH Pack/Characters/Knight/7fc701a378b974bc865ce8ae4e45c407907dac4238badbc8b73a538a7fdcb13d_Knight_Dead_7.png",
          "name": "Knight_Dead_7.png"
        }
      },
      {
        "alwaysLoaded": false,
        "file": "assets/Knight_Dead_8.png",
        "kind": "image",
        "metadata": "",
        "name": "Knight_Dead_8.png",
        "smoothed": true,
        "userAdded": false,
        "origin": {
          "identifier": "https://asset-resources.gdevelop.io/public-resources/pzUH Pack/Characters/Knight/bdb4a92b3a6196faa530803ff31f48974a0147969869c3e306ac3440c9aa01f8_Knight_Dead_8.png",
          "name": "Knight_Dead_8.png"
        }
      },
      {
        "alwaysLoaded": false,
        "file": "assets/Knight_Dead_9.png",
        "kind": "image",
        "metadata": "",
        "name": "Knight_Dead_9.png",
        "smoothed": true,
        "userAdded": false,
        "origin": {
          "identifier": "https://asset-resources.gdevelop.io/public-resources/pzUH Pack/Characters/Knight/39beae060b28cf23acdbda7a8ed18c125c902a701b598ef3fe67acd0147e496c_Knight_Dead_9.png",
          "name": "Knight_Dead_9.png"
        }
      },
      {
        "alwaysLoaded": false,
        "file": "assets/Knight_Idle_1.png",
        "kind": "image",
        "metadata": "",
        "name": "Knight_Idle_1.png",
        "smoothed": true,
        "userAdded": false,
        "origin": {
          "identifier": "https://asset-resources.gdevelop.io/public-resources/pzUH Pack/Characters/Knight/9e8a93a7484f442f73ed63d053c014571880a0a5348f25e6d7f5c5832158d60f_Knight_Idle_1.png",
          "name": "Knight_Idle_1.png"
        }
      },
      {
        "alwaysLoaded": false,
        "file": "assets/Knight_Idle_10.png",
        "kind": "image",
        "metadata": "",
        "name": "Knight_Idle_10.png",
        "smoothed": true,
        "userAdded": false,
        "origin": {
          "identifier": "https://asset-resources.gdevelop.io/public-resources/pzUH Pack/Characters/Knight/5bcf95f61c03acd00bb1aebd97140be38cdfb37ca67213f7c46ae7e85052a1fa_Knight_Idle_10.png",
          "name": "Knight_Idle_10.png"
        }
      },
      {
        "alwaysLoaded": false,
        "file": "assets/Knight_Idle_2.png",
        "kind": "image",
        "metadata": "",
        "name": "Knight_Idle_2.png",
        "smoothed": true,
        "userAdded": false,
        "origin": {
          "identifier": "https://asset-resources.gdevelop.io/public-resources/pzUH Pack/Characters/Knight/b457af10bae7c7c4a947d540774aa4bf3db59257032938e4cbe7125f3808bb61_Knight_Idle_2.png",
          "name": "Knight_Idle_2.png"
        }
      },
      {
        "alwaysLoaded": false,
        "file": "assets/Knight_Idle_3.png",
        "kind": "image",
        "metadata": "",
        "name": "Knight_Idle_3.png",
        "smoothed": true,
        "userAdded": false,
        "origin": {
          "identifier": "https://asset-resources.gdevelop.io/public-resources/pzUH Pack/Characters/Knight/a880948b74168aa4b7f7d5bd42acc1f7a8c5b4530522b6fba3899fb4fe01bafd_Knight_Idle_3.png",
          "name": "Knight_Idle_3.png"
        }
      },
      {
        "alwaysLoaded": false,
        "file": "assets/Knight_Idle_4.png",
        "kind": "image",
        "metadata": "",
        "name": "Knight_Idle_4.png",
        "smoothed": true,
        "userAdded": false,
        "origin": {
          "identifier": "https://asset-resources.gdevelop.io/public-resources/pzUH Pack/Characters/Knight/a3475233b56c9045c97aef07f7956ad79c2f6b39bc1a6d43e2b91076609754f4_Knight_Idle_4.png",
          "name": "Knight_Idle_4.png"
        }
      },
      {
        "alwaysLoaded": false,
        "file": "assets/Knight_Idle_5.png",
        "kind": "image",
        "metadata": "",
        "name": "Knight_Idle_5.png",
        "smoothed": true,
        "userAdded": false,
        "origin": {
          "identifier": "https://asset-resources.gdevelop.io/public-resources/pzUH Pack/Characters/Knight/696c782454043c7c291653ea57925f188ba735a5d22e3002006d9c769f45d021_Knight_Idle_5.png",
          "name": "Knight_Idle_5.png"
        }
      },
      {
        "alwaysLoaded": false,
        "file": "assets/Knight_Idle_6.png",
        "kind": "image",
        "metadata": "",
        "name": "Knight_Idle_6.png",
        "smoothed": true,
        "userAdded": false,
        "origin": {
          "identifier": "https://asset-resources.gdevelop.io/public-resources/pzUH Pack/Characters/Knight/06a9f7080d9a336232c8394d66f09157493d1c8d451f3d2fde33c436b27b8daa_Knight_Idle_6.png",
          "name": "Knight_Idle_6.png"
        }
      },
      {
        "alwaysLoaded": false,
        "file": "assets/Knight_Idle_7.png",
        "kind": "image",
        "metadata": "",
        "name": "Knight_Idle_7.png",
        "smoothed": true,
        "userAdded": false,
        "origin": {
          "identifier": "https://asset-resources.gdevelop.io/public-resources/pzUH Pack/Characters/Knight/9b501afd4d044b21858e6abe2ca5e8b289b6391cde2b998a99c569b300ca8c56_Knight_Idle_7.png",
          "name": "Knight_Idle_7.png"
        }
      },
      {
        "alwaysLoaded": false,
        "file": "assets/Knight_Idle_8.png",
        "kind": "image",
        "metadata": "",
        "name": "Knight_Idle_8.png",
        "smoothed": true,
        "userAdded": false,
        "origin": {
          "identifier": "https://asset-resources.gdevelop.io/public-resources/pzUH Pack/Characters/Knight/8f7ea2ca42b2b88a010304ef8bff6d46df74961a3c32276c2167ecaf4b69c890_Knight_Idle_8.png",
          "name": "Knight_Idle_8.png"
        }
      },
      {
        "alwaysLoaded": false,
        "file": "assets/Knight_Idle_9.png",
        "kind": "image",
        "metadata": "",
        "name": "Knight_Idle_9.png",
        "smoothed": true,
        "userAdded": false,
        "origin": {
          "identifier": "https://asset-resources.gdevelop.io/public-resources/pzUH Pack/Characters/Knight/f07938eeecae7f521b756a4f21c41455063330c4347b05db174788a583779971_Knight_Idle_9.png",
          "name": "Knight_Idle_9.png"
        }
      },
      {
        "alwaysLoaded": false,
        "file": "assets/Knight_Jump Attack_1.png",
        "kind": "image",
        "metadata": "",
        "name": "Knight_Jump Attack_1.png",
        "smoothed": true,
        "userAdded": false,
        "origin": {
          "identifier": "https://asset-resources.gdevelop.io/public-resources/pzUH Pack/Characters/Knight/aad08b83caebf6c7082a6e39b6dcf707d2a622d9b66e6746039795b28983727b_Knight_Jump Attack_1.png",
          "name": "Knight_Jump Attack_1.png"
        }
      },
      {
        "alwaysLoaded": false,
        "file": "assets/Knight_Jump Attack_10.png",
        "kind": "image",
        "metadata": "",
        "name": "Knight_Jump Attack_10.png",
        "smoothed": true,
        "userAdded": false,
        "origin": {
          "identifier": "https://asset-resources.gdevelop.io/public-resources/pzUH Pack/Characters/Knight/5015d6679dccf304d0eaae3307808168b4127e3b9264be1bb92a5a6a178a9613_Knight_Jump Attack_10.png",
          "name": "Knight_Jump Attack_10.png"
        }
      },
      {
        "alwaysLoaded": false,
        "file": "assets/Knight_Jump Attack_2.png",
        "kind": "image",
        "metadata": "",
        "name": "Knight_Jump Attack_2.png",
        "smoothed": true,
        "userAdded": false,
        "origin": {
          "identifier": "https://asset-resources.gdevelop.io/public-resources/pzUH Pack/Characters/Knight/369a7bfd4bcfa76c045b717dcf14a1543a25d6d0a1278787a8702b56850377a0_Knight_Jump Attack_2.png",
          "name": "Knight_Jump Attack_2.png"
        }
      },
      {
        "alwaysLoaded": false,
        "file": "assets/Knight_Jump Attack_3.png",
        "kind": "image",
        "metadata": "",
        "name": "Knight_Jump Attack_3.png",
        "smoothed": true,
        "userAdded": false,
        "origin": {
          "identifier": "https://asset-resources.gdevelop.io/public-resources/pzUH Pack/Characters/Knight/a1844a5062adc03ac19f9bb352bdb796d9a6f7c9d6ee8ee693fb81cfde53f3db_Knight_Jump Attack_3.png",
          "name": "Knight_Jump Attack_3.png"
        }
      },
      {
        "alwaysLoaded": false,
        "file": "assets/Knight_Jump Attack_4.png",
        "kind": "image",
        "metadata": "",
        "name": "Knight_Jump Attack_4.png",
        "smoothed": true,
        "userAdded": false,
        "origin": {
          "identifier": "https://asset-resources.gdevelop.io/public-resources/pzUH Pack/Characters/Knight/906facad4d4023f4a75e25d6a16955eb0f7957487b65f34e91d8715a41a7ce4c_Knight_Jump Attack_4.png",
          "name": "Knight_Jump Attack_4.png"
        }
      },
      {
        "alwaysLoaded": false,
        "file": "assets/Knight_Jump Attack_5.png",
        "kind": "image",
        "metadata": "",
        "name": "Knight_Jump Attack_5.png",
        "smoothed": true,
        "userAdded": false,
        "origin": {
          "identifier": "https://asset-resources.gdevelop.io/public-resources/pzUH Pack/Characters/Knight/fdfba594959770f38e90574308017593ba814ef9f4442f4f50bed8889ef53d64_Knight_Jump Attack_5.png",
          "name": "Knight_Jump Attack_5.png"
        }
      },
      {
        "alwaysLoaded": false,
        "file": "assets/Knight_Jump Attack_6.png",
        "kind": "image",
        "metadata": "",
        "name": "Knight_Jump Attack_6.png",
        "smoothed": true,
        "userAdded": false,
        "origin": {
          "identifier": "https://asset-resources.gdevelop.io/public-resources/pzUH Pack/Characters/Knight/b14fa3ac18eefbacc30d69b0703c39fe443c0ec12b1e96ca8d5ad62cf4960e0d_Knight_Jump Attack_6.png",
          "name": "Knight_Jump Attack_6.png"
        }
      },
      {
        "alwaysLoaded": false,
        "file": "assets/Knight_Jump Attack_7.png",
        "kind": "image",
        "metadata": "",
        "name": "Knight_Jump Attack_7.png",
        "smoothed": true,
        "userAdded": false,
        "origin": {
          "identifier": "https://asset-resources.gdevelop.io/public-resources/pzUH Pack/Characters/Knight/072d76446dafc3c4cdf36643528157846e4d800296a35ca2d80b3b459a0878cf_Knight_Jump Attack_7.png",
          "name": "Knight_Jump Attack_7.png"
        }
      },
      {
        "alwaysLoaded": false,
        "file": "assets/Knight_Jump Attack_8.png",
        "kind": "image",
        "metadata": "",
        "name": "Knight_Jump Attack_8.png",
        "smoothed": true,
        "userAdded": false,
        "origin": {
          "identifier": "https://asset-resources.gdevelop.io/public-resources/pzUH Pack/Characters/Knight/767576d76525ed313cb0ff4552c2beb196fe45f8c615947b850fe0556bca6670_Knight_Jump Attack_8.png",
          "name": "Knight_Jump Attack_8.png"
        }
      },
      {
        "alwaysLoaded": false,
        "file": "assets/Knight_Jump Attack_9.png",
        "kind": "image",
        "metadata": "",
        "name": "Knight_Jump Attack_9.png",
        "smoothed": true,
        "userAdded": false,
        "origin": {
          "identifier": "https://asset-resources.gdevelop.io/public-resources/pzUH Pack/Characters/Knight/62164622da452b05d97c9d976ffa17621b0c5860493c6986e5e42cb98d17ffde_Knight_Jump Attack_9.png",
          "name": "Knight_Jump Attack_9.png"
        }
      },
      {
        "alwaysLoaded": false,
        "file": "assets/Knight_Jump_1.png",
        "kind": "image",
        "metadata": "",
        "name": "Knight_Jump_1.png",
        "smoothed": true,
        "userAdded": false,
        "origin": {
          "identifier": "https://asset-resources.gdevelop.io/public-resources/pzUH Pack/Characters/Knight/0a9c3e7841815d8e5b7a1945803363558c6e244eaa39045090578ac312aa13b5_Knight_Jump_1.png",
          "name": "Knight_Jump_1.png"
        }
      },
      {
        "alwaysLoaded": false,
        "file": "assets/Knight_Jump_10.png",
        "kind": "image",
        "metadata": "",
        "name": "Knight_Jump_10.png",
        "smoothed": true,
        "userAdded": false,
        "origin": {
          "identifier": "https://asset-resources.gdevelop.io/public-resources/pzUH Pack/Characters/Knight/dd891af9a3ed1f33cdb06e296cfba1add09bf42ea1d53602427c0b6974278cfc_Knight_Jump_10.png",
          "name": "Knight_Jump_10.png"
        }
      },
      {
        "alwaysLoaded": false,
        "file": "assets/Knight_Jump_2.png",
        "kind": "image",
        "metadata": "",
        "name": "Knight_Jump_2.png",
        "smoothed": true,
        "userAdded": false,
        "origin": {
          "identifier": "https://asset-resources.gdevelop.io/public-resources/pzUH Pack/Characters/Knight/5ca1613f1c4cbb6c481b45622053bde44af6e36e71966fded4fcc02c7e37a148_Knight_Jump_2.png",
          "name": "Knight_Jump_2.png"
        }
      },
      {
        "alwaysLoaded": false,
        "file": "assets/Knight_Jump_3.png",
        "kind": "image",
        "metadata": "",
        "name": "Knight_Jump_3.png",
        "smoothed": true,
        "userAdded": false,
        "origin": {
          "identifier": "https://asset-resources.gdevelop.io/public-resources/pzUH Pack/Characters/Knight/875dfe3cf82180ff9fc73b020332315531392b8a045072f5d4bcde0189894621_Knight_Jump_3.png",
          "name": "Knight_Jump_3.png"
        }
      },
      {
        "alwaysLoaded": false,
        "file": "assets/Knight_Jump_4.png",
        "kind": "image",
        "metadata": "",
        "name": "Knight_Jump_4.png",
        "smoothed": true,
        "userAdded": false,
        "origin": {
          "identifier": "https://asset-resources.gdevelop.io/public-resources/pzUH Pack/Characters/Knight/b54cf5eda3f202863e1d7ba783699b628da6020c14de02c904cd5f4d6036238e_Knight_Jump_4.png",
          "name": "Knight_Jump_4.png"
        }
      },
      {
        "alwaysLoaded": false,
        "file": "assets/Knight_Jump_5.png",
        "kind": "image",
        "metadata": "",
        "name": "Knight_Jump_5.png",
        "smoothed": true,
        "userAdded": false,
        "origin": {
          "identifier": "https://asset-resources.gdevelop.io/public-resources/pzUH Pack/Characters/Knight/d32755a70c0b8a33216f9b51a8a8f0394571ebae61e98d0054efc2ce590ba3e4_Knight_Jump_5.png",
          "name": "Knight_Jump_5.png"
        }
      },
      {
        "alwaysLoaded": false,
        "file": "assets/Knight_Jump_6.png",
        "kind": "image",
        "metadata": "",
        "name": "Knight_Jump_6.png",
        "smoothed": true,
        "userAdded": false,
        "origin": {
          "identifier": "https://asset-resources.gdevelop.io/public-resources/pzUH Pack/Characters/Knight/080fdfb6f79e0729d4589b662f71427680885f40ee14ad02b31cee2474b1bdda_Knight_Jump_6.png",
          "name": "Knight_Jump_6.png"
        }
      },
      {
        "alwaysLoaded": false,
        "file": "assets/Knight_Jump_7.png",
        "kind": "image",
        "metadata": "",
        "name": "Knight_Jump_7.png",
        "smoothed": true,
        "userAdded": false,
        "origin": {
          "identifier": "https://asset-resources.gdevelop.io/public-resources/pzUH Pack/Characters/Knight/0dc6f60f2400aa800f5a8946995734e25a233c3109ce5400f9deb39d46e9ee5c_Knight_Jump_7.png",
          "name": "Knight_Jump_7.png"
        }
      },
      {
        "alwaysLoaded": false,
        "file": "assets/Knight_Jump_8.png",
        "kind": "image",
        "metadata": "",
        "name": "Knight_Jump_8.png",
        "smoothed": true,
        "userAdded": false,
        "origin": {
          "identifier": "https://asset-resources.gdevelop.io/public-resources/pzUH Pack/Characters/Knight/92d5b35cc3b9fe368b9cf93241e6e3262ef21af9cd984b4f7bed919f59ac1aa9_Knight_Jump_8.png",
          "name": "Knight_Jump_8.png"
        }
      },
      {
        "alwaysLoaded": false,
        "file": "assets/Knight_Jump_9.png",
        "kind": "image",
        "metadata": "",
        "name": "Knight_Jump_9.png",
        "smoothed": true,
        "userAdded": false,
        "origin": {
          "identifier": "https://asset-resources.gdevelop.io/public-resources/pzUH Pack/Characters/Knight/6ba31c4b23c6db27c2243c8dbc1a9154651f90ed98241cca830212083717167e_Knight_Jump_9.png",
          "name": "Knight_Jump_9.png"
        }
      },
      {
        "alwaysLoaded": false,
        "file": "assets/Knight_Run_1.png",
        "kind": "image",
        "metadata": "",
        "name": "Knight_Run_1.png",
        "smoothed": true,
        "userAdded": false,
        "origin": {
          "identifier": "https://asset-resources.gdevelop.io/public-resources/pzUH Pack/Characters/Knight/43631cb6721c26b3d7de8f2ed1b332d2a2e319cf3eca36187c20afa31094946d_Knight_Run_1.png",
          "name": "Knight_Run_1.png"
        }
      },
      {
        "alwaysLoaded": false,
        "file": "assets/Knight_Run_10.png",
        "kind": "image",
        "metadata": "",
        "name": "Knight_Run_10.png",
        "smoothed": true,
        "userAdded": false,
        "origin": {
          "identifier": "https://asset-resources.gdevelop.io/public-resources/pzUH Pack/Characters/Knight/0701bd4ead179fb030185dfb16623b59c2d2fa0ac3403ac839b1231f826d879e_Knight_Run_10.png",
          "name": "Knight_Run_10.png"
        }
      },
      {
        "alwaysLoaded": false,
        "file": "assets/Knight_Run_2.png",
        "kind": "image",
        "metadata": "",
        "name": "Knight_Run_2.png",
        "smoothed": true,
        "userAdded": false,
        "origin": {
          "identifier": "https://asset-resources.gdevelop.io/public-resources/pzUH Pack/Characters/Knight/8c803476c78f255fd2abcba21b41260151be198486c3834d4c60bd85adeb1470_Knight_Run_2.png",
          "name": "Knight_Run_2.png"
        }
      },
      {
        "alwaysLoaded": false,
        "file": "assets/Knight_Run_3.png",
        "kind": "image",
        "metadata": "",
        "name": "Knight_Run_3.png",
        "smoothed": true,
        "userAdded": false,
        "origin": {
          "identifier": "https://asset-resources.gdevelop.io/public-resources/pzUH Pack/Characters/Knight/90768386ce2ae40d7d838f32fe8bcf008c2103f119d6caff1b7087cb669b108a_Knight_Run_3.png",
          "name": "Knight_Run_3.png"
        }
      },
      {
        "alwaysLoaded": false,
        "file": "assets/Knight_Run_4.png",
        "kind": "image",
        "metadata": "",
        "name": "Knight_Run_4.png",
        "smoothed": true,
        "userAdded": false,
        "origin": {
          "identifier": "https://asset-resources.gdevelop.io/public-resources/pzUH Pack/Characters/Knight/1f01636f77a37c455ba1886504c7437e34845a65bf258ba34f3c6e7eb879444c_Knight_Run_4.png",
          "name": "Knight_Run_4.png"
        }
      },
      {
        "alwaysLoaded": false,
        "file": "assets/Knight_Run_5.png",
        "kind": "image",
        "metadata": "",
        "name": "Knight_Run_5.png",
        "smoothed": true,
        "userAdded": false,
        "origin": {
          "identifier": "https://asset-resources.gdevelop.io/public-resources/pzUH Pack/Characters/Knight/8847a2acb5113cb06dec60a45da552400b4a35dc50bd33b711dabe1e3ffa57de_Knight_Run_5.png",
          "name": "Knight_Run_5.png"
        }
      },
      {
        "alwaysLoaded": false,
        "file": "assets/Knight_Run_6.png",
        "kind": "image",
        "metadata": "",
        "name": "Knight_Run_6.png",
        "smoothed": true,
        "userAdded": false,
        "origin": {
          "identifier": "https://asset-resources.gdevelop.io/public-resources/pzUH Pack/Characters/Knight/642847362559bdb63d7ee0e8cbe5d5149caa5c724f0bd05c9c2c851be7ca12f7_Knight_Run_6.png",
          "name": "Knight_Run_6.png"
        }
      },
      {
        "alwaysLoaded": false,
        "file": "assets/Knight_Run_7.png",
        "kind": "image",
        "metadata": "",
        "name": "Knight_Run_7.png",
        "smoothed": true,
        "userAdded": false,
        "origin": {
          "identifier": "https://asset-resources.gdevelop.io/public-resources/pzUH Pack/Characters/Knight/fbd01be1b9d7fc0ba9bc9db828b18e1a470eff0a2e1a8bcaed17206c3cde6ced_Knight_Run_7.png",
          "name": "Knight_Run_7.png"
        }
      },
      {
        "alwaysLoaded": false,
        "file": "assets/Knight_Run_8.png",
        "kind": "image",
        "metadata": "",
        "name": "Knight_Run_8.png",
        "smoothed": true,
        "userAdded": false,
        "origin": {
          "identifier": "https://asset-resources.gdevelop.io/public-resources/pzUH Pack/Characters/Knight/5dd0776226b59ee8ef38879baa277e2fd7f481af18589f32f48ad1d94b59fb0c_Knight_Run_8.png",
          "name": "Knight_Run_8.png"
        }
      },
      {
        "alwaysLoaded": false,
        "file": "assets/Knight_Run_9.png",
        "kind": "image",
        "metadata": "",
        "name": "Knight_Run_9.png",
        "smoothed": true,
        "userAdded": false,
        "origin": {
          "identifier": "https://asset-resources.gdevelop.io/public-resources/pzUH Pack/Characters/Knight/d233a2ad8dae1a371c9e607f596170fd1c88121c4b190267c52103b062fe4920_Knight_Run_9.png",
          "name": "Knight_Run_9.png"
        }
      },
      {
        "alwaysLoaded": false,
        "file": "assets/Knight_Walk_1.png",
        "kind": "image",
        "metadata": "",
        "name": "Knight_Walk_1.png",
        "smoothed": true,
        "userAdded": false,
        "origin": {
          "identifier": "https://asset-resources.gdevelop.io/public-resources/pzUH Pack/Characters/Knight/9bb69dc31c33e79fa4c5d6f5793ba703c5748092ae4ad5b1c8b788645b353ee6_Knight_Walk_1.png",
          "name": "Knight_Walk_1.png"
        }
      },
      {
        "alwaysLoaded": false,
        "file": "assets/Knight_Walk_10.png",
        "kind": "image",
        "metadata": "",
        "name": "Knight_Walk_10.png",
        "smoothed": true,
        "userAdded": false,
        "origin": {
          "identifier": "https://asset-resources.gdevelop.io/public-resources/pzUH Pack/Characters/Knight/5692d44421153a1328fbfc62bb7b2cbc68f7d5cd89d1131c69e8607cdd5ed2af_Knight_Walk_10.png",
          "name": "Knight_Walk_10.png"
        }
      },
      {
        "alwaysLoaded": false,
        "file": "assets/Knight_Walk_2.png",
        "kind": "image",
        "metadata": "",
        "name": "Knight_Walk_2.png",
        "smoothed": true,
        "userAdded": false,
        "origin": {
          "identifier": "https://asset-resources.gdevelop.io/public-resources/pzUH Pack/Characters/Knight/069123bc037ec61da9afa77407a77218da626f8a6119b3fbb262b1087e346ca8_Knight_Walk_2.png",
          "name": "Knight_Walk_2.png"
        }
      },
      {
        "alwaysLoaded": false,
        "file": "assets/Knight_Walk_3.png",
        "kind": "image",
        "metadata": "",
        "name": "Knight_Walk_3.png",
        "smoothed": true,
        "userAdded": false,
        "origin": {
          "identifier": "https://asset-resources.gdevelop.io/public-resources/pzUH Pack/Characters/Knight/47907f258c26de1248c01a123765fbd5fb1304f70eb3fd3b67a087a06dc88dbc_Knight_Walk_3.png",
          "name": "Knight_Walk_3.png"
        }
      },
      {
        "alwaysLoaded": false,
        "file": "assets/Knight_Walk_4.png",
        "kind": "image",
        "metadata": "",
        "name": "Knight_Walk_4.png",
        "smoothed": true,
        "userAdded": false,
        "origin": {
          "identifier": "https://asset-resources.gdevelop.io/public-resources/pzUH Pack/Characters/Knight/ff23eb37111b11f1aa35176b81bf6154f46b762b54f805ca7045a97536c8e8d1_Knight_Walk_4.png",
          "name": "Knight_Walk_4.png"
        }
      },
      {
        "alwaysLoaded": false,
        "file": "assets/Knight_Walk_5.png",
        "kind": "image",
        "metadata": "",
        "name": "Knight_Walk_5.png",
        "smoothed": true,
        "userAdded": false,
        "origin": {
          "identifier": "https://asset-resources.gdevelop.io/public-resources/pzUH Pack/Characters/Knight/9f63503d2366a5b010a30601c5e7f0466f3803f00033fcc6e860dbb3892b30ce_Knight_Walk_5.png",
          "name": "Knight_Walk_5.png"
        }
      },
      {
        "alwaysLoaded": false,
        "file": "assets/Knight_Walk_6.png",
        "kind": "image",
        "metadata": "",
        "name": "Knight_Walk_6.png",
        "smoothed": true,
        "userAdded": false,
        "origin": {
          "identifier": "https://asset-resources.gdevelop.io/public-resources/pzUH Pack/Characters/Knight/34cebdd63b1e8247bc430b3ea2436dfbbe310b4d993e65cbab01156355f18547_Knight_Walk_6.png",
          "name": "Knight_Walk_6.png"
        }
      },
      {
        "alwaysLoaded": false,
        "file": "assets/Knight_Walk_7.png",
        "kind": "image",
        "metadata": "",
        "name": "Knight_Walk_7.png",
        "smoothed": true,
        "userAdded": false,
        "origin": {
          "identifier": "https://asset-resources.gdevelop.io/public-resources/pzUH Pack/Characters/Knight/089b5722055b5d6d0c38c8331f1600d70461ba13533affc9a4cd80598a5a3ee6_Knight_Walk_7.png",
          "name": "Knight_Walk_7.png"
        }
      },
      {
        "alwaysLoaded": false,
        "file": "assets/Knight_Walk_8.png",
        "kind": "image",
        "metadata": "",
        "name": "Knight_Walk_8.png",
        "smoothed": true,
        "userAdded": false,
        "origin": {
          "identifier": "https://asset-resources.gdevelop.io/public-resources/pzUH Pack/Characters/Knight/1a0cc13545099ef77b323c19815cbf431373f0fe955306c584e31490ec951898_Knight_Walk_8.png",
          "name": "Knight_Walk_8.png"
        }
      },
      {
        "alwaysLoaded": false,
        "file": "assets/Knight_Walk_9.png",
        "kind": "image",
        "metadata": "",
        "name": "Knight_Walk_9.png",
        "smoothed": true,
        "userAdded": false,
        "origin": {
          "identifier": "https://asset-resources.gdevelop.io/public-resources/pzUH Pack/Characters/Knight/6f78ab64c96bdd823d42536985588fb981e266219d9444294b2f83b9315bd7d1_Knight_Walk_9.png",
          "name": "Knight_Walk_9.png"
        }
      },
      {
        "alwaysLoaded": false,
        "file": "assets/Green barrel.png",
        "kind": "image",
        "metadata": "",
        "name": "Green barrel.png",
        "smoothed": true,
        "userAdded": false,
        "origin": {
          "identifier": "https://asset-resources.gdevelop.io/public-resources/Industrial Platformer Pack (110 assets)/PNG/Retina/724f2b0571df82ba3fc0946420c0a6dc1b1057f5bccb9051222d34835678e201_Green barrel.png",
          "name": "Green barrel.png"
        }
      },
      {
        "alwaysLoaded": false,
        "file": "assets/Industrial block.png",
        "kind": "image",
        "metadata": "",
        "name": "Industrial block.png",
        "smoothed": true,
        "userAdded": false,
        "origin": {
          "identifier": "https://asset-resources.gdevelop.io/public-resources/Industrial Platformer Pack (110 assets)/PNG/Retina/408573860c94a289f8de8b40fe2f8b953884ff05f36a2c3c4151c80aee766519_Industrial block.png",
          "name": "Industrial block.png"
        }
      },
      {
        "alwaysLoaded": false,
        "file": "assets/Industrial ladder.png",
        "kind": "image",
        "metadata": "",
        "name": "Industrial ladder.png",
        "smoothed": true,
        "userAdded": false,
        "origin": {
          "identifier": "https://asset-resources.gdevelop.io/public-resources/Industrial Platformer Pack (110 assets)/PNG/Retina/edba47b5fea02f71135a7bc8ba212294820f5986e62f9af7f46eda93296ce0f8_Industrial ladder.png",
          "name": "Industrial ladder.png"
        }
      },
      {
        "alwaysLoaded": false,
        "file": "assets/Green arrow.png",
        "kind": "image",
        "metadata": "",
        "name": "Green arrow.png",
        "smoothed": true,
        "userAdded": false,
        "origin": {
          "identifier": "https://asset-resources.gdevelop.io/public-resources/Industrial Platformer Pack (110 assets)/PNG/Retina/e786f19060320e19fab4910f800b4b9b8503e72a642402a9bf2d701c10340dd4_Green arrow.png",
          "name": "Green arrow.png"
        }
      },
      {
        "alwaysLoaded": false,
        "file": "background.png",
        "kind": "image",
        "metadata": "",
        "name": "background.png",
        "smoothed": true,
        "userAdded": false
      }
    ],
    "resourceFolders": []
  },
  "objects": [],
  "objectsGroups": [],
  "variables": [],
  "layouts": [
    {
      "__REFERENCE_TO_SPLIT_OBJECT": true,
      "referenceTo": "/layouts/level-2"
    },
    {
      "__REFERENCE_TO_SPLIT_OBJECT": true,
      "referenceTo": "/layouts/win-screen"
    }
  ],
  "externalEvents": [],
  "eventsFunctionsExtensions": [
    {
      "__REFERENCE_TO_SPLIT_OBJECT": true,
      "referenceTo": "/eventsFunctionsExtensions/smoothcamera"
    },
    {
      "__REFERENCE_TO_SPLIT_OBJECT": true,
      "referenceTo": "/eventsFunctionsExtensions/stayonscreen"
    }
  ],
  "externalLayouts": [],
  "externalSourceFiles": []
}